timestamp,Open,High,Low,Close,Adj Close,Volume,Dividends,Stock Splits
2023-08-28 00:00:00-04:00,180.08999633789062,180.58999633789062,178.5500030517578,180.19000244140625,178.44216918945312,43820700,0.0,0.0
2023-08-29 00:00:00-04:00,179.6999969482422,184.89999389648438,179.5,184.1199951171875,182.33404541015625,53003900,0.0,0.0
2023-08-30 00:00:00-04:00,184.94000244140625,187.85000610351562,184.74000549316406,187.64999389648438,185.82980346679688,60813900,0.0,0.0
2023-08-31 00:00:00-04:00,187.83999633789062,189.1199951171875,187.47999572753906,187.8699951171875,186.0476837158203,60794500,0.0,0.0
2023-09-01 00:00:00-04:00,189.49000549316406,189.9199981689453,188.27999877929688,189.4600067138672,187.6222686767578,45766500,0.0,0.0
2023-09-05 00:00:00-04:00,188.27999877929688,189.97999572753906,187.61000061035156,189.6999969482422,187.85992431640625,45280000,0.0,0.0
2023-09-06 00:00:00-04:00,188.39999389648438,188.85000610351562,181.47000122070312,182.91000366210938,181.1357879638672,81755800,0.0,0.0
2023-09-07 00:00:00-04:00,175.17999267578125,178.2100067138672,173.5399932861328,177.55999755859375,175.83767700195312,112488800,0.0,0.0
2023-09-08 00:00:00-04:00,178.35000610351562,180.24000549316406,177.7899932861328,178.17999267578125,176.45166015625,65551300,0.0,0.0
2023-09-11 00:00:00-04:00,180.07000732421875,180.3000030517578,177.33999633789062,179.36000061035156,177.62020874023438,58953100,0.0,0.0
2023-09-12 00:00:00-04:00,179.49000549316406,180.1300048828125,174.82000732421875,176.3000030517578,174.58990478515625,90370200,0.0,0.0
2023-09-13 00:00:00-04:00,176.50999450683594,177.3000030517578,173.97999572753906,174.2100067138672,172.52017211914062,84267900,0.0,0.0
2023-09-14 00:00:00-04:00,174.0,176.10000610351562,173.5800018310547,175.74000549316406,174.0353240966797,60895800,0.0,0.0
2023-09-15 00:00:00-04:00,176.47999572753906,176.5,173.82000732421875,175.00999450683594,173.31240844726562,109259500,0.0,0.0
2023-09-18 00:00:00-04:00,176.47999572753906,179.3800048828125,176.1699981689453,177.97000122070312,176.2436981201172,67257600,0.0,0.0
2023-09-19 00:00:00-04:00,177.52000427246094,179.6300048828125,177.1300048828125,179.07000732421875,177.33302307128906,51826900,0.0,0.0
2023-09-20 00:00:00-04:00,179.25999450683594,179.6999969482422,175.39999389648438,175.49000549316406,173.7877655029297,58436200,0.0,0.0
2023-09-21 00:00:00-04:00,174.5500030517578,176.3000030517578,173.86000061035156,173.92999267578125,172.24288940429688,63149100,0.0,0.0
2023-09-22 00:00:00-04:00,174.6699981689453,177.0800018310547,174.0500030517578,174.7899932861328,173.09454345703125,56725400,0.0,0.0
2023-09-25 00:00:00-04:00,174.1999969482422,176.97000122070312,174.14999389648438,176.0800018310547,174.3720245361328,46172700,0.0,0.0
2023-09-26 00:00:00-04:00,174.82000732421875,175.1999969482422,171.66000366210938,171.9600067138672,170.2919921875,64588900,0.0,0.0
2023-09-27 00:00:00-04:00,172.6199951171875,173.0399932861328,169.0500030517578,170.42999267578125,168.77682495117188,66921800,0.0,0.0
2023-09-28 00:00:00-04:00,169.33999633789062,172.02999877929688,167.6199951171875,170.69000244140625,169.03431701660156,56294400,0.0,0.0
2023-09-29 00:00:00-04:00,172.02000427246094,173.07000732421875,170.33999633789062,171.2100067138672,169.5492706298828,51861100,0.0,0.0
2023-10-02 00:00:00-04:00,171.22000122070312,174.3000030517578,170.92999267578125,173.75,172.06466674804688,52164500,0.0,0.0
2023-10-03 00:00:00-04:00,172.25999450683594,173.6300048828125,170.82000732421875,172.39999389648438,170.7277374267578,49594600,0.0,0.0
2023-10-04 00:00:00-04:00,171.08999633789062,174.2100067138672,170.97000122070312,173.66000366210938,171.9755096435547,53020300,0.0,0.0
2023-10-05 00:00:00-04:00,173.7899932861328,175.4499969482422,172.67999267578125,174.91000366210938,173.21339416503906,48527900,0.0,0.0
2023-10-06 00:00:00-04:00,173.8000030517578,177.99000549316406,173.17999267578125,177.49000549316406,175.76837158203125,57266700,0.0,0.0
2023-10-09 00:00:00-04:00,176.80999755859375,179.0500030517578,175.8000030517578,178.99000549316406,177.25381469726562,42390800,0.0,0.0
2023-10-10 00:00:00-04:00,178.10000610351562,179.72000122070312,177.9499969482422,178.38999938964844,176.65963745117188,43698000,0.0,0.0
2023-10-11 00:00:00-04:00,178.1999969482422,179.85000610351562,177.60000610351562,179.8000030517578,178.05596923828125,47551100,0.0,0.0
2023-10-12 00:00:00-04:00,180.07000732421875,182.33999633789062,179.0399932861328,180.7100067138672,178.9571533203125,56743100,0.0,0.0
2023-10-13 00:00:00-04:00,181.4199981689453,181.92999267578125,178.13999938964844,178.85000610351562,177.1151885986328,51427100,0.0,0.0
2023-10-16 00:00:00-04:00,176.75,179.0800018310547,176.50999450683594,178.72000122070312,176.98641967773438,52517000,0.0,0.0
2023-10-17 00:00:00-04:00,176.64999389648438,178.4199981689453,174.8000030517578,177.14999389648438,175.431640625,57549400,0.0,0.0
2023-10-18 00:00:00-04:00,175.5800018310547,177.5800018310547,175.11000061035156,175.83999633789062,174.1343536376953,54764400,0.0,0.0
2023-10-19 00:00:00-04:00,176.0399932861328,177.83999633789062,175.19000244140625,175.4600067138672,173.75804138183594,59302900,0.0,0.0
2023-10-20 00:00:00-04:00,175.30999755859375,175.4199981689453,172.63999938964844,172.8800048828125,171.2030792236328,64244000,0.0,0.0
2023-10-23 00:00:00-04:00,170.91000366210938,174.00999450683594,169.92999267578125,173.0,171.3218994140625,55980100,0.0,0.0
2023-10-24 00:00:00-04:00,173.0500030517578,173.6699981689453,171.4499969482422,173.44000244140625,171.7576446533203,43816600,0.0,0.0
2023-10-25 00:00:00-04:00,171.8800048828125,173.05999755859375,170.64999389648438,171.10000610351562,169.44033813476562,57157000,0.0,0.0
2023-10-26 00:00:00-04:00,170.3699951171875,171.3800048828125,165.6699981689453,166.88999938964844,165.2711639404297,70625300,0.0,0.0
2023-10-27 00:00:00-04:00,166.91000366210938,168.9600067138672,166.8300018310547,168.22000122070312,166.58827209472656,58499100,0.0,0.0
2023-10-30 00:00:00-04:00,169.02000427246094,171.1699981689453,168.8699951171875,170.2899932861328,168.63821411132812,51131000,0.0,0.0
2023-10-31 00:00:00-04:00,169.35000610351562,170.89999389648438,167.89999389648438,170.77000427246094,169.11355590820312,44846000,0.0,0.0
2023-11-01 00:00:00-04:00,171.0,174.22999572753906,170.1199951171875,173.97000122070312,172.28250122070312,56934900,0.0,0.0
2023-11-02 00:00:00-04:00,175.52000427246094,177.77999877929688,175.4600067138672,177.57000732421875,175.8476104736328,77334800,0.0,0.0
2023-11-03 00:00:00-04:00,174.24000549316406,176.82000732421875,173.35000610351562,176.64999389648438,174.93650817871094,79829200,0.0,0.0
2023-11-06 00:00:00-05:00,176.3800048828125,179.42999267578125,176.2100067138672,179.22999572753906,177.49148559570312,63841300,0.0,0.0
2023-11-07 00:00:00-05:00,179.17999267578125,182.44000244140625,178.97000122070312,181.82000732421875,180.0563507080078,70530000,0.0,0.0
2023-11-08 00:00:00-05:00,182.35000610351562,183.4499969482422,181.58999633789062,182.88999938964844,181.11598205566406,49340300,0.0,0.0
2023-11-09 00:00:00-05:00,182.9600067138672,184.1199951171875,181.80999755859375,182.41000366210938,180.64065551757812,53763500,0.0,0.0
2023-11-10 00:00:00-05:00,183.97000122070312,186.57000732421875,183.52999877929688,186.39999389648438,184.83511352539062,66133400,0.24,0.0
2023-11-13 00:00:00-05:00,185.82000732421875,186.02999877929688,184.2100067138672,184.8000030517578,183.24856567382812,43627500,0.0,0.0
2023-11-14 00:00:00-05:00,187.6999969482422,188.11000061035156,186.3000030517578,187.44000244140625,185.86642456054688,60108400,0.0,0.0
2023-11-15 00:00:00-05:00,187.85000610351562,189.5,187.77999877929688,188.00999450683594,186.43161010742188,53790500,0.0,0.0
2023-11-16 00:00:00-05:00,189.57000732421875,190.9600067138672,188.64999389648438,189.7100067138672,188.1173553466797,54412900,0.0,0.0
2023-11-17 00:00:00-05:00,190.25,190.3800048828125,188.57000732421875,189.69000244140625,188.09750366210938,50922700,0.0,0.0
2023-11-20 00:00:00-05:00,189.88999938964844,191.91000366210938,189.8800048828125,191.4499969482422,189.8427276611328,46505100,0.0,0.0
2023-11-21 00:00:00-05:00,191.41000366210938,191.52000427246094,189.74000549316406,190.63999938964844,189.03952026367188,38134500,0.0,0.0
2023-11-22 00:00:00-05:00,191.49000549316406,192.92999267578125,190.8300018310547,191.30999755859375,189.70391845703125,39617700,0.0,0.0
2023-11-24 00:00:00-05:00,190.8699951171875,190.89999389648438,189.25,189.97000122070312,188.3751678466797,24048300,0.0,0.0
2023-11-27 00:00:00-05:00,189.9199981689453,190.6699981689453,188.89999389648438,189.7899932861328,188.1966552734375,40552600,0.0,0.0
2023-11-28 00:00:00-05:00,189.77999877929688,191.0800018310547,189.39999389648438,190.39999389648438,188.801513671875,38415400,0.0,0.0
2023-11-29 00:00:00-05:00,190.89999389648438,192.08999633789062,188.97000122070312,189.3699951171875,187.78018188476562,43014200,0.0,0.0
2023-11-30 00:00:00-05:00,189.83999633789062,190.32000732421875,188.19000244140625,189.9499969482422,188.35531616210938,48794400,0.0,0.0
2023-12-01 00:00:00-05:00,190.3300018310547,191.55999755859375,189.22999572753906,191.24000549316406,189.63449096679688,45704800,0.0,0.0
2023-12-04 00:00:00-05:00,189.97999572753906,190.0500030517578,187.4499969482422,189.42999267578125,187.8396759033203,43389500,0.0,0.0
2023-12-05 00:00:00-05:00,190.2100067138672,194.39999389648438,190.17999267578125,193.4199981689453,191.79620361328125,66628400,0.0,0.0
2023-12-06 00:00:00-05:00,194.4499969482422,194.75999450683594,192.11000061035156,192.32000732421875,190.7054443359375,41089700,0.0,0.0
2023-12-07 00:00:00-05:00,193.6300048828125,195.0,193.58999633789062,194.27000427246094,192.63905334472656,47477700,0.0,0.0
2023-12-08 00:00:00-05:00,194.1999969482422,195.99000549316406,193.6699981689453,195.7100067138672,194.0669708251953,53406400,0.0,0.0
2023-12-11 00:00:00-05:00,193.11000061035156,193.49000549316406,191.4199981689453,193.17999267578125,191.55819702148438,60943700,0.0,0.0
2023-12-12 00:00:00-05:00,193.0800018310547,194.72000122070312,191.72000122070312,194.7100067138672,193.0753631591797,52696900,0.0,0.0
2023-12-13 00:00:00-05:00,195.08999633789062,198.0,194.85000610351562,197.9600067138672,196.29808044433594,70404200,0.0,0.0
2023-12-14 00:00:00-05:00,198.02000427246094,199.6199951171875,196.16000366210938,198.11000061035156,196.44680786132812,66831600,0.0,0.0
2023-12-15 00:00:00-05:00,197.52999877929688,198.39999389648438,197.0,197.57000732421875,195.91136169433594,128538400,0.0,0.0
2023-12-18 00:00:00-05:00,196.08999633789062,196.6300048828125,194.38999938964844,195.88999938964844,194.24545288085938,55751900,0.0,0.0
2023-12-19 00:00:00-05:00,196.16000366210938,196.9499969482422,195.88999938964844,196.94000244140625,195.28665161132812,40714100,0.0,0.0
2023-12-20 00:00:00-05:00,196.89999389648438,197.67999267578125,194.8300018310547,194.8300018310547,193.19435119628906,52242800,0.0,0.0
2023-12-21 00:00:00-05:00,196.10000610351562,197.0800018310547,193.5,194.67999267578125,193.04562377929688,46482500,0.0,0.0
2023-12-22 00:00:00-05:00,195.17999267578125,195.41000366210938,192.97000122070312,193.60000610351562,191.97470092773438,37149600,0.0,0.0
2023-12-26 00:00:00-05:00,193.61000061035156,193.88999938964844,192.8300018310547,193.0500030517578,191.42929077148438,28919300,0.0,0.0
2023-12-27 00:00:00-05:00,192.49000549316406,193.5,191.08999633789062,193.14999389648438,191.5284423828125,48087700,0.0,0.0
2023-12-28 00:00:00-05:00,194.13999938964844,194.66000366210938,193.1699981689453,193.5800018310547,191.95481872558594,34049900,0.0,0.0
2023-12-29 00:00:00-05:00,193.89999389648438,194.39999389648438,191.72999572753906,192.52999877929688,190.91366577148438,42672100,0.0,0.0
2024-01-02 00:00:00-05:00,187.14999389648438,188.44000244140625,183.88999938964844,185.63999938964844,184.0814971923828,82488700,0.0,0.0
2024-01-03 00:00:00-05:00,184.22000122070312,185.8800048828125,183.42999267578125,184.25,182.70318603515625,58414500,0.0,0.0
2024-01-04 00:00:00-05:00,182.14999389648438,183.08999633789062,180.8800048828125,181.91000366210938,180.3828125,71983600,0.0,0.0
2024-01-05 00:00:00-05:00,181.99000549316406,182.75999450683594,180.1699981689453,181.17999267578125,179.65896606445312,62379700,0.0,0.0
2024-01-08 00:00:00-05:00,182.08999633789062,185.60000610351562,181.5,185.55999755859375,184.00218200683594,59144500,0.0,0.0
2024-01-09 00:00:00-05:00,183.9199981689453,185.14999389648438,182.72999572753906,185.13999938964844,183.58570861816406,42841800,0.0,0.0
2024-01-10 00:00:00-05:00,184.35000610351562,186.39999389648438,183.9199981689453,186.19000244140625,184.6268768310547,46792900,0.0,0.0
2024-01-11 00:00:00-05:00,186.5399932861328,187.0500030517578,183.6199951171875,185.58999633789062,184.0319061279297,49128400,0.0,0.0
2024-01-12 00:00:00-05:00,186.05999755859375,186.74000549316406,185.19000244140625,185.9199981689453,184.35914611816406,40477800,0.0,0.0
2024-01-16 00:00:00-05:00,182.16000366210938,184.25999450683594,180.92999267578125,183.6300048828125,182.08837890625,65603000,0.0,0.0
2024-01-17 00:00:00-05:00,181.27000427246094,182.92999267578125,180.3000030517578,182.67999267578125,181.14634704589844,47317400,0.0,0.0
2024-01-18 00:00:00-05:00,186.08999633789062,189.13999938964844,185.8300018310547,188.6300048828125,187.04640197753906,78005800,0.0,0.0
2024-01-19 00:00:00-05:00,189.3300018310547,191.9499969482422,188.82000732421875,191.55999755859375,189.95179748535156,68903000,0.0,0.0
2024-01-22 00:00:00-05:00,192.3000030517578,195.3300018310547,192.25999450683594,193.88999938964844,192.26223754882812,60133900,0.0,0.0
2024-01-23 00:00:00-05:00,195.02000427246094,195.75,193.8300018310547,195.17999267578125,193.54139709472656,42355600,0.0,0.0
2024-01-24 00:00:00-05:00,195.4199981689453,196.3800048828125,194.33999633789062,194.5,192.86712646484375,53631300,0.0,0.0
2024-01-25 00:00:00-05:00,195.22000122070312,196.27000427246094,193.11000061035156,194.1699981689453,192.53988647460938,54822100,0.0,0.0
2024-01-26 00:00:00-05:00,194.27000427246094,194.75999450683594,191.94000244140625,192.4199981689453,190.8045654296875,44594000,0.0,0.0
2024-01-29 00:00:00-05:00,192.00999450683594,192.1999969482422,189.5800018310547,191.72999572753906,190.12039184570312,47145600,0.0,0.0
2024-01-30 00:00:00-05:00,190.94000244140625,191.8000030517578,187.47000122070312,188.0399932861328,186.4613494873047,55859400,0.0,0.0
2024-01-31 00:00:00-05:00,187.0399932861328,187.10000610351562,184.35000610351562,184.39999389648438,182.85189819335938,55467800,0.0,0.0
2024-02-01 00:00:00-05:00,183.99000549316406,186.9499969482422,183.82000732421875,186.86000061035156,185.29124450683594,64885400,0.0,0.0
2024-02-02 00:00:00-05:00,179.86000061035156,187.3300018310547,179.25,185.85000610351562,184.2897491455078,102551700,0.0,0.0
2024-02-05 00:00:00-05:00,188.14999389648438,189.25,185.83999633789062,187.67999267578125,186.10438537597656,69668800,0.0,0.0
2024-02-06 00:00:00-05:00,186.86000061035156,189.30999755859375,186.77000427246094,189.3000030517578,187.7107696533203,43490800,0.0,0.0
2024-02-07 00:00:00-05:00,190.63999938964844,191.0500030517578,188.61000061035156,189.41000366210938,187.81985473632812,53439000,0.0,0.0
2024-02-08 00:00:00-05:00,189.38999938964844,189.5399932861328,187.35000610351562,188.32000732421875,186.73902893066406,40962000,0.0,0.0
2024-02-09 00:00:00-05:00,188.64999389648438,189.99000549316406,188.0,188.85000610351562,187.50352478027344,45155200,0.24,0.0
2024-02-12 00:00:00-05:00,188.4199981689453,188.6699981689453,186.7899932861328,187.14999389648438,185.8156280517578,41781900,0.0,0.0
2024-02-13 00:00:00-05:00,185.77000427246094,186.2100067138672,183.50999450683594,185.0399932861328,183.72068786621094,56529500,0.0,0.0
2024-02-14 00:00:00-05:00,185.32000732421875,185.52999877929688,182.44000244140625,184.14999389648438,182.83702087402344,54630500,0.0,0.0
2024-02-15 00:00:00-05:00,183.5500030517578,184.49000549316406,181.35000610351562,183.86000061035156,182.54908752441406,65434500,0.0,0.0
2024-02-16 00:00:00-05:00,183.4199981689453,184.85000610351562,181.6699981689453,182.30999755859375,181.01014709472656,49752500,0.0,0.0
2024-02-20 00:00:00-05:00,181.7899932861328,182.42999267578125,180.0,181.55999755859375,180.26548767089844,53665600,0.0,0.0
2024-02-21 00:00:00-05:00,181.94000244140625,182.88999938964844,180.66000366210938,182.32000732421875,181.0200653076172,41371400,0.0,0.0
2024-02-22 00:00:00-05:00,183.47999572753906,184.9600067138672,182.4600067138672,184.3699951171875,183.05545043945312,52292200,0.0,0.0
2024-02-23 00:00:00-05:00,185.00999450683594,185.0399932861328,182.22999572753906,182.52000427246094,181.21864318847656,45119700,0.0,0.0
2024-02-26 00:00:00-05:00,182.24000549316406,182.75999450683594,180.64999389648438,181.16000366210938,179.86834716796875,40867400,0.0,0.0
2024-02-27 00:00:00-05:00,181.10000610351562,183.9199981689453,179.55999755859375,182.6300048828125,181.32786560058594,54318900,0.0,0.0
2024-02-28 00:00:00-05:00,182.50999450683594,183.1199951171875,180.1300048828125,181.4199981689453,180.12649536132812,48953900,0.0,0.0
2024-02-29 00:00:00-05:00,181.27000427246094,182.57000732421875,179.52999877929688,180.75,179.46127319335938,136682600,0.0,0.0
2024-03-01 00:00:00-05:00,179.5500030517578,180.52999877929688,177.3800048828125,179.66000366210938,178.37904357910156,73563100,0.0,0.0
2024-03-04 00:00:00-05:00,176.14999389648438,176.89999389648438,173.7899932861328,175.10000610351562,173.85154724121094,81510100,0.0,0.0
2024-03-05 00:00:00-05:00,170.75999450683594,172.0399932861328,169.6199951171875,170.1199951171875,168.90704345703125,95132400,0.0,0.0
2024-03-06 00:00:00-05:00,171.05999755859375,171.24000549316406,168.67999267578125,169.1199951171875,167.9141845703125,68587700,0.0,0.0
2024-03-07 00:00:00-05:00,169.14999389648438,170.72999572753906,168.49000549316406,169.0,167.7950439453125,71765100,0.0,0.0
2024-03-08 00:00:00-05:00,169.0,173.6999969482422,168.94000244140625,170.72999572753906,169.51271057128906,76267000,0.0,0.0
2024-03-11 00:00:00-04:00,172.94000244140625,174.3800048828125,172.0500030517578,172.75,171.518310546875,60139500,0.0,0.0
2024-03-12 00:00:00-04:00,173.14999389648438,174.02999877929688,171.00999450683594,173.22999572753906,171.994873046875,59825400,0.0,0.0
2024-03-13 00:00:00-04:00,172.77000427246094,173.19000244140625,170.75999450683594,171.1300048828125,169.90985107421875,52488700,0.0,0.0
2024-03-14 00:00:00-04:00,172.91000366210938,174.30999755859375,172.0500030517578,173.0,171.76651000976562,72913500,0.0,0.0
2024-03-15 00:00:00-04:00,171.1699981689453,172.6199951171875,170.2899932861328,172.6199951171875,171.3892364501953,121752700,0.0,0.0
2024-03-18 00:00:00-04:00,175.57000732421875,177.7100067138672,173.52000427246094,173.72000122070312,172.4813690185547,75604200,0.0,0.0
2024-03-19 00:00:00-04:00,174.33999633789062,176.61000061035156,173.02999877929688,176.0800018310547,174.8245391845703,55215200,0.0,0.0
2024-03-20 00:00:00-04:00,175.72000122070312,178.6699981689453,175.08999633789062,178.6699981689453,177.39610290527344,53423100,0.0,0.0
2024-03-21 00:00:00-04:00,177.0500030517578,177.49000549316406,170.83999633789062,171.3699951171875,170.14813232421875,106181300,0.0,0.0
2024-03-22 00:00:00-04:00,171.75999450683594,173.0500030517578,170.05999755859375,172.27999877929688,171.05166625976562,71160100,0.0,0.0
2024-03-25 00:00:00-04:00,170.57000732421875,171.94000244140625,169.4499969482422,170.85000610351562,169.63185119628906,54288300,0.0,0.0
2024-03-26 00:00:00-04:00,170.0,171.4199981689453,169.5800018310547,169.7100067138672,168.49998474121094,57388400,0.0,0.0
2024-03-27 00:00:00-04:00,170.41000366210938,173.60000610351562,170.11000061035156,173.30999755859375,172.07431030273438,60273300,0.0,0.0
2024-03-28 00:00:00-04:00,171.75,172.22999572753906,170.50999450683594,171.47999572753906,170.25735473632812,65672700,0.0,0.0
2024-04-01 00:00:00-04:00,171.19000244140625,171.25,169.47999572753906,170.02999877929688,168.8177032470703,46240500,0.0,0.0
2024-04-02 00:00:00-04:00,169.0800018310547,169.33999633789062,168.22999572753906,168.83999633789062,167.63616943359375,49329500,0.0,0.0
2024-04-03 00:00:00-04:00,168.7899932861328,170.67999267578125,168.5800018310547,169.64999389648438,168.44039916992188,47691700,0.0,0.0
2024-04-04 00:00:00-04:00,170.2899932861328,171.9199981689453,168.82000732421875,168.82000732421875,167.61631774902344,53704400,0.0,0.0
2024-04-05 00:00:00-04:00,169.58999633789062,170.38999938964844,168.9499969482422,169.5800018310547,168.37091064453125,42104800,0.0,0.0
2024-04-08 00:00:00-04:00,169.02999877929688,169.1999969482422,168.24000549316406,168.4499969482422,167.24896240234375,37425500,0.0,0.0
2024-04-09 00:00:00-04:00,168.6999969482422,170.0800018310547,168.35000610351562,169.6699981689453,168.46026611328125,42373800,0.0,0.0
2024-04-10 00:00:00-04:00,168.8000030517578,169.08999633789062,167.11000061035156,167.77999877929688,166.583740234375,49709300,0.0,0.0
2024-04-11 00:00:00-04:00,168.33999633789062,175.4600067138672,168.16000366210938,175.0399932861328,173.79196166992188,91070300,0.0,0.0
2024-04-12 00:00:00-04:00,174.25999450683594,178.36000061035156,174.2100067138672,176.5500030517578,175.29122924804688,101670900,0.0,0.0
2024-04-15 00:00:00-04:00,175.36000061035156,176.6300048828125,172.5,172.69000244140625,171.45872497558594,73531800,0.0,0.0
2024-04-16 00:00:00-04:00,171.75,173.75999450683594,168.27000427246094,169.3800048828125,168.1723175048828,73711200,0.0,0.0
2024-04-17 00:00:00-04:00,169.61000061035156,170.64999389648438,168.0,168.0,166.8021697998047,50901200,0.0,0.0
2024-04-18 00:00:00-04:00,168.02999877929688,168.63999938964844,166.5500030517578,167.0399932861328,165.84901428222656,43122900,0.0,0.0
2024-04-19 00:00:00-04:00,166.2100067138672,166.39999389648438,164.0800018310547,165.0,163.82357788085938,68149400,0.0,0.0
2024-04-22 00:00:00-04:00,165.52000427246094,167.25999450683594,164.77000427246094,165.83999633789062,164.6575469970703,48116400,0.0,0.0
2024-04-23 00:00:00-04:00,165.35000610351562,167.0500030517578,164.9199981689453,166.89999389648438,165.7100067138672,49537800,0.0,0.0
2024-04-24 00:00:00-04:00,166.5399932861328,169.3000030517578,166.2100067138672,169.02000427246094,167.8148956298828,48251800,0.0,0.0
2024-04-25 00:00:00-04:00,169.52999877929688,170.61000061035156,168.14999389648438,169.88999938964844,168.67869567871094,50558300,0.0,0.0
2024-04-26 00:00:00-04:00,169.8800048828125,171.33999633789062,169.17999267578125,169.3000030517578,168.0928955078125,44838400,0.0,0.0
2024-04-29 00:00:00-04:00,173.3699951171875,176.02999877929688,173.10000610351562,173.5,172.26295471191406,68169400,0.0,0.0
2024-04-30 00:00:00-04:00,173.3300018310547,174.99000549316406,170.0,170.3300018310547,169.1155548095703,65934800,0.0,0.0
2024-05-01 00:00:00-04:00,169.5800018310547,172.7100067138672,169.11000061035156,169.3000030517578,168.0928955078125,50383100,0.0,0.0
2024-05-02 00:00:00-04:00,172.50999450683594,173.4199981689453,170.88999938964844,173.02999877929688,171.79632568359375,94214900,0.0,0.0
2024-05-03 00:00:00-04:00,186.64999389648438,187.0,182.66000366210938,183.3800048828125,182.072509765625,163224100,0.0,0.0
2024-05-06 00:00:00-04:00,182.35000610351562,184.1999969482422,180.4199981689453,181.7100067138672,180.41441345214844,78569700,0.0,0.0
2024-05-07 00:00:00-04:00,183.4499969482422,184.89999389648438,181.32000732421875,182.39999389648438,181.09950256347656,77305800,0.0,0.0
2024-05-08 00:00:00-04:00,182.85000610351562,183.07000732421875,181.4499969482422,182.74000549316406,181.43707275390625,45057100,0.0,0.0
2024-05-09 00:00:00-04:00,182.55999755859375,184.66000366210938,182.11000061035156,184.57000732421875,183.2540283203125,48983000,0.0,0.0
2024-05-10 00:00:00-04:00,184.89999389648438,185.08999633789062,182.1300048828125,183.0500030517578,181.9913787841797,50759500,0.25,0.0
2024-05-13 00:00:00-04:00,185.44000244140625,187.10000610351562,184.6199951171875,186.27999877929688,185.2027130126953,72044800,0.0,0.0
2024-05-14 00:00:00-04:00,187.50999450683594,188.3000030517578,186.2899932861328,187.42999267578125,186.3460235595703,52393600,0.0,0.0
2024-05-15 00:00:00-04:00,187.91000366210938,190.64999389648438,187.3699951171875,189.72000122070312,188.622802734375,70400000,0.0,0.0
2024-05-16 00:00:00-04:00,190.47000122070312,191.10000610351562,189.66000366210938,189.83999633789062,188.74209594726562,52845200,0.0,0.0
2024-05-17 00:00:00-04:00,189.50999450683594,190.80999755859375,189.17999267578125,189.8699951171875,188.7719268798828,41282900,0.0,0.0
2024-05-20 00:00:00-04:00,189.3300018310547,191.9199981689453,189.00999450683594,191.0399932861328,189.93515014648438,44361300,0.0,0.0
2024-05-21 00:00:00-04:00,191.08999633789062,192.72999572753906,190.9199981689453,192.35000610351562,191.2375946044922,42309400,0.0,0.0
2024-05-22 00:00:00-04:00,192.27000427246094,192.82000732421875,190.27000427246094,190.89999389648438,189.79595947265625,34648500,0.0,0.0
2024-05-23 00:00:00-04:00,190.97999572753906,191.0,186.6300048828125,186.8800048828125,185.7992401123047,51005900,0.0,0.0
2024-05-24 00:00:00-04:00,188.82000732421875,190.5800018310547,188.0399932861328,189.97999572753906,188.8812713623047,36327000,0.0,0.0
2024-05-28 00:00:00-04:00,191.50999450683594,193.0,189.10000610351562,189.99000549316406,188.89125061035156,52280100,0.0,0.0
2024-05-29 00:00:00-04:00,189.61000061035156,192.25,189.50999450683594,190.2899932861328,189.1894989013672,53068000,0.0,0.0
2024-05-30 00:00:00-04:00,190.75999450683594,192.17999267578125,190.6300048828125,191.2899932861328,190.18368530273438,49889100,0.0,0.0
2024-05-31 00:00:00-04:00,191.44000244140625,192.57000732421875,189.91000366210938,192.25,191.13815307617188,75158300,0.0,0.0
2024-06-03 00:00:00-04:00,192.89999389648438,194.99000549316406,192.52000427246094,194.02999877929688,192.90786743164062,50080500,0.0,0.0
2024-06-04 00:00:00-04:00,194.63999938964844,195.32000732421875,193.02999877929688,194.35000610351562,193.2260284423828,47471400,0.0,0.0
2024-06-05 00:00:00-04:00,195.39999389648438,196.89999389648438,194.8699951171875,195.8699951171875,194.7372283935547,54156800,0.0,0.0
2024-06-06 00:00:00-04:00,195.69000244140625,196.5,194.1699981689453,194.47999572753906,193.3552703857422,41181800,0.0,0.0
2024-06-07 00:00:00-04:00,194.64999389648438,196.94000244140625,194.13999938964844,196.88999938964844,195.75132751464844,53103900,0.0,0.0
2024-06-10 00:00:00-04:00,196.89999389648438,197.3000030517578,192.14999389648438,193.1199951171875,192.00314331054688,97010200,0.0,0.0
2024-06-11 00:00:00-04:00,193.64999389648438,207.16000366210938,193.6300048828125,207.14999389648438,205.9519805908203,172373300,0.0,0.0
2024-06-12 00:00:00-04:00,207.3699951171875,220.1999969482422,206.89999389648438,213.07000732421875,211.8377685546875,198134300,0.0,0.0
2024-06-13 00:00:00-04:00,214.74000549316406,216.75,211.60000610351562,214.24000549316406,213.00099182128906,97862700,0.0,0.0
2024-06-14 00:00:00-04:00,213.85000610351562,215.1699981689453,211.3000030517578,212.49000549316406,211.2611083984375,70122700,0.0,0.0
2024-06-17 00:00:00-04:00,213.3699951171875,218.9499969482422,212.72000122070312,216.6699981689453,215.4169464111328,93728300,0.0,0.0
2024-06-18 00:00:00-04:00,217.58999633789062,218.6300048828125,213.0,214.2899932861328,213.0507049560547,79943300,0.0,0.0
2024-06-20 00:00:00-04:00,213.92999267578125,214.24000549316406,208.85000610351562,209.67999267578125,208.46734619140625,86172500,0.0,0.0
2024-06-21 00:00:00-04:00,210.38999938964844,211.88999938964844,207.11000061035156,207.49000549316406,206.2900390625,241805100,0.0,0.0
2024-06-24 00:00:00-04:00,207.72000122070312,212.6999969482422,206.58999633789062,208.13999938964844,206.93629455566406,80727000,0.0,0.0
2024-06-25 00:00:00-04:00,209.14999389648438,211.3800048828125,208.61000061035156,209.07000732421875,207.86090087890625,55549700,0.0,0.0
2024-06-26 00:00:00-04:00,211.5,214.86000061035156,210.63999938964844,213.25,212.01670837402344,66213200,0.0,0.0
2024-06-27 00:00:00-04:00,214.69000244140625,215.74000549316406,212.35000610351562,214.10000610351562,212.86181640625,49772700,0.0,0.0
2024-06-28 00:00:00-04:00,215.77000427246094,216.07000732421875,210.3000030517578,210.6199951171875,209.4019317626953,82542700,0.0,0.0
2024-07-01 00:00:00-04:00,212.08999633789062,217.50999450683594,211.9199981689453,216.75,215.49649047851562,60402900,0.0,0.0
2024-07-02 00:00:00-04:00,216.14999389648438,220.3800048828125,215.10000610351562,220.27000427246094,218.99609375,58046200,0.0,0.0
2024-07-03 00:00:00-04:00,220.0,221.5500030517578,219.02999877929688,221.5500030517578,220.2687225341797,37369800,0.0,0.0
2024-07-05 00:00:00-04:00,221.64999389648438,226.4499969482422,221.64999389648438,226.33999633789062,225.03103637695312,60412400,0.0,0.0
2024-07-08 00:00:00-04:00,227.08999633789062,227.85000610351562,223.25,227.82000732421875,226.50247192382812,59085900,0.0,0.0
2024-07-09 00:00:00-04:00,227.92999267578125,229.39999389648438,226.3699951171875,228.67999267578125,227.35748291015625,48076100,0.0,0.0
2024-07-10 00:00:00-04:00,229.3000030517578,233.0800018310547,229.25,232.97999572753906,231.6326141357422,62627700,0.0,0.0
2024-07-11 00:00:00-04:00,231.38999938964844,232.38999938964844,225.77000427246094,227.57000732421875,226.25392150878906,64710600,0.0,0.0
2024-07-12 00:00:00-04:00,228.9199981689453,232.63999938964844,228.67999267578125,230.5399932861328,229.20672607421875,53046500,0.0,0.0
2024-07-15 00:00:00-04:00,236.47999572753906,237.22999572753906,233.08999633789062,234.39999389648438,233.04440307617188,62631300,0.0,0.0
2024-07-16 00:00:00-04:00,235.0,236.27000427246094,232.3300018310547,234.82000732421875,233.4619903564453,43234300,0.0,0.0
2024-07-17 00:00:00-04:00,229.4499969482422,231.4600067138672,226.63999938964844,228.8800048828125,227.5563507080078,57345900,0.0,0.0
2024-07-18 00:00:00-04:00,230.27999877929688,230.44000244140625,222.27000427246094,224.17999267578125,222.8834991455078,66034600,0.0,0.0
2024-07-19 00:00:00-04:00,224.82000732421875,226.8000030517578,223.27999877929688,224.30999755859375,223.01275634765625,49151500,0.0,0.0
2024-07-22 00:00:00-04:00,227.00999450683594,227.77999877929688,223.08999633789062,223.9600067138672,222.664794921875,48201800,0.0,0.0
2024-07-23 00:00:00-04:00,224.3699951171875,226.94000244140625,222.67999267578125,225.00999450683594,223.70867919921875,39960300,0.0,0.0
2024-07-24 00:00:00-04:00,224.0,224.8000030517578,217.1300048828125,218.5399932861328,217.27610778808594,61777600,0.0,0.0
2024-07-25 00:00:00-04:00,218.92999267578125,220.85000610351562,214.6199951171875,217.49000549316406,216.23220825195312,51391200,0.0,0.0
2024-07-26 00:00:00-04:00,218.6999969482422,219.49000549316406,216.00999450683594,217.9600067138672,216.69949340820312,41601300,0.0,0.0
2024-07-29 00:00:00-04:00,216.9600067138672,219.3000030517578,215.75,218.24000549316406,216.9778594970703,36311800,0.0,0.0
2024-07-30 00:00:00-04:00,219.19000244140625,220.3300018310547,216.1199951171875,218.8000030517578,217.53463745117188,41643800,0.0,0.0
2024-07-31 00:00:00-04:00,221.44000244140625,223.82000732421875,220.6300048828125,222.0800018310547,220.79566955566406,50036300,0.0,0.0
2024-08-01 00:00:00-04:00,224.3699951171875,224.47999572753906,217.02000427246094,218.36000061035156,217.09716796875,62501000,0.0,0.0
2024-08-02 00:00:00-04:00,219.14999389648438,225.60000610351562,217.7100067138672,219.86000061035156,218.58848571777344,105568600,0.0,0.0
2024-08-05 00:00:00-04:00,199.08999633789062,213.5,196.0,209.27000427246094,208.0597381591797,119548600,0.0,0.0
2024-08-06 00:00:00-04:00,205.3000030517578,209.99000549316406,201.07000732421875,207.22999572753906,206.0315399169922,69660500,0.0,0.0
2024-08-07 00:00:00-04:00,206.89999389648438,213.63999938964844,206.38999938964844,209.82000732421875,208.6065673828125,63516400,0.0,0.0
2024-08-08 00:00:00-04:00,213.11000061035156,214.1999969482422,208.8300018310547,213.30999755859375,212.07638549804688,47161100,0.0,0.0
2024-08-09 00:00:00-04:00,212.10000610351562,216.77999877929688,211.97000122070312,216.24000549316406,214.9894256591797,42201600,0.0,0.0
2024-08-12 00:00:00-04:00,216.07000732421875,219.50999450683594,215.60000610351562,217.52999877929688,216.52230834960938,38028100,0.25,0.0
2024-08-13 00:00:00-04:00,219.00999450683594,221.88999938964844,219.00999450683594,221.27000427246094,220.24496459960938,44155300,0.0,0.0
2024-08-14 00:00:00-04:00,220.57000732421875,223.02999877929688,219.6999969482422,221.72000122070312,220.69290161132812,41960600,0.0,0.0
2024-08-15 00:00:00-04:00,224.60000610351562,225.35000610351562,222.75999450683594,224.72000122070312,223.6790008544922,46414000,0.0,0.0
2024-08-16 00:00:00-04:00,223.9199981689453,226.8300018310547,223.64999389648438,226.0500030517578,225.00283813476562,44340200,0.0,0.0
2024-08-19 00:00:00-04:00,225.72000122070312,225.99000549316406,223.0399932861328,225.88999938964844,224.84356689453125,40687800,0.0,0.0
2024-08-20 00:00:00-04:00,225.77000427246094,227.1699981689453,225.4499969482422,226.50999450683594,225.460693359375,30299000,0.0,0.0
2024-08-21 00:00:00-04:00,226.52000427246094,227.97999572753906,225.0500030517578,226.39999389648438,225.3511962890625,34765500,0.0,0.0
2024-08-22 00:00:00-04:00,227.7899932861328,228.33999633789062,223.89999389648438,224.52999877929688,223.4898681640625,43695300,0.0,0.0
2024-08-23 00:00:00-04:00,225.66000366210938,228.22000122070312,224.3300018310547,226.83999633789062,225.78916931152344,38677300,0.0,0.0
2024-08-26 00:00:00-04:00,226.75999450683594,227.27999877929688,223.88999938964844,227.17999267578125,226.12757873535156,30602200,0.0,0.0
2024-08-27 00:00:00-04:00,226.0,228.85000610351562,224.88999938964844,228.02999877929688,226.97366333007812,35934600,0.0,0.0
2024-08-28 00:00:00-04:00,227.9199981689453,229.86000061035156,225.67999267578125,226.49000549316406,225.44078063964844,38052200,0.0,0.0
2024-08-29 00:00:00-04:00,230.10000610351562,232.9199981689453,228.8800048828125,229.7899932861328,228.72547912597656,51906300,0.0,0.0
2024-08-30 00:00:00-04:00,230.19000244140625,230.39999389648438,227.47999572753906,229.0,227.9391632080078,52990800,0.0,0.0
2024-09-03 00:00:00-04:00,228.5500030517578,229.0,221.1699981689453,222.77000427246094,221.73805236816406,50190600,0.0,0.0
2024-09-04 00:00:00-04:00,221.66000366210938,221.77999877929688,217.47999572753906,220.85000610351562,219.82691955566406,43840200,0.0,0.0
2024-09-05 00:00:00-04:00,221.6300048828125,225.47999572753906,221.52000427246094,222.3800048828125,221.349853515625,36615400,0.0,0.0
2024-09-06 00:00:00-04:00,223.9499969482422,225.24000549316406,219.77000427246094,220.82000732421875,219.7970733642578,48423000,0.0,0.0
2024-09-09 00:00:00-04:00,220.82000732421875,221.27000427246094,216.7100067138672,220.91000366210938,219.8866424560547,67180000,0.0,0.0
2024-09-10 00:00:00-04:00,218.9199981689453,221.47999572753906,216.72999572753906,220.11000061035156,219.09034729003906,51591000,0.0,0.0
2024-09-11 00:00:00-04:00,221.4600067138672,223.08999633789062,217.88999938964844,222.66000366210938,221.62852478027344,44587100,0.0,0.0
2024-09-12 00:00:00-04:00,222.5,223.5500030517578,219.82000732421875,222.77000427246094,221.73805236816406,37455600,0.0,0.0
2024-09-13 00:00:00-04:00,223.5800018310547,224.0399932861328,221.91000366210938,222.5,221.4692840576172,36766600,0.0,0.0
2024-09-16 00:00:00-04:00,216.5399932861328,217.22000122070312,213.9199981689453,216.32000732421875,215.3179168701172,59357400,0.0,0.0
2024-09-17 00:00:00-04:00,215.75,216.89999389648438,214.5,216.7899932861328,215.7857208251953,45519300,0.0,0.0
2024-09-18 00:00:00-04:00,217.5500030517578,222.7100067138672,217.5399932861328,220.69000244140625,219.66766357421875,59894900,0.0,0.0
2024-09-19 00:00:00-04:00,224.99000549316406,229.82000732421875,224.6300048828125,228.8699951171875,227.8097686767578,66781300,0.0,0.0
2024-09-20 00:00:00-04:00,229.97000122070312,233.08999633789062,227.6199951171875,228.1999969482422,227.1428680419922,318679900,0.0,0.0
2024-09-23 00:00:00-04:00,227.33999633789062,229.4499969482422,225.80999755859375,226.47000122070312,225.42088317871094,54146000,0.0,0.0
2024-09-24 00:00:00-04:00,228.64999389648438,229.35000610351562,225.72999572753906,227.3699951171875,226.31671142578125,43556100,0.0,0.0
2024-09-25 00:00:00-04:00,224.92999267578125,227.2899932861328,224.02000427246094,226.3699951171875,225.32135009765625,42308700,0.0,0.0
2024-09-26 00:00:00-04:00,227.3000030517578,228.5,225.41000366210938,227.52000427246094,226.4660186767578,36636700,0.0,0.0
2024-09-27 00:00:00-04:00,228.4600067138672,229.52000427246094,227.3000030517578,227.7899932861328,226.73475646972656,34026000,0.0,0.0
2024-09-30 00:00:00-04:00,230.0399932861328,233.0,229.64999389648438,233.0,231.920654296875,54541900,0.0,0.0
2024-10-01 00:00:00-04:00,229.52000427246094,229.64999389648438,223.74000549316406,226.2100067138672,225.16209411621094,63285000,0.0,0.0
2024-10-02 00:00:00-04:00,225.88999938964844,227.3699951171875,223.02000427246094,226.77999877929688,225.72946166992188,32880600,0.0,0.0
2024-10-03 00:00:00-04:00,225.13999938964844,226.80999755859375,223.32000732421875,225.6699981689453,224.6245880126953,34044200,0.0,0.0
2024-10-04 00:00:00-04:00,227.89999389648438,228.0,224.1300048828125,226.8000030517578,225.74935913085938,37245100,0.0,0.0
2024-10-07 00:00:00-04:00,224.5,225.69000244140625,221.3300018310547,221.69000244140625,220.66302490234375,39505400,0.0,0.0
2024-10-08 00:00:00-04:00,224.3000030517578,225.97999572753906,223.25,225.77000427246094,224.72413635253906,31855700,0.0,0.0
2024-10-09 00:00:00-04:00,225.22999572753906,229.75,224.8300018310547,229.5399932861328,228.47665405273438,33591100,0.0,0.0
2024-10-10 00:00:00-04:00,227.77999877929688,229.5,227.1699981689453,229.0399932861328,227.9789581298828,28183500,0.0,0.0
2024-10-11 00:00:00-04:00,229.3000030517578,229.41000366210938,227.33999633789062,227.5500030517578,226.4958953857422,31759200,0.0,0.0
2024-10-14 00:00:00-04:00,228.6999969482422,231.72999572753906,228.60000610351562,231.3000030517578,230.228515625,39882100,0.0,0.0
2024-10-15 00:00:00-04:00,233.61000061035156,237.49000549316406,232.3699951171875,233.85000610351562,232.76670837402344,64751400,0.0,0.0
2024-10-16 00:00:00-04:00,231.60000610351562,232.1199951171875,229.83999633789062,231.77999877929688,230.70626831054688,34082200,0.0,0.0
2024-10-17 00:00:00-04:00,233.42999267578125,233.85000610351562,230.52000427246094,232.14999389648438,231.07456970214844,32993800,0.0,0.0
2024-10-18 00:00:00-04:00,236.17999267578125,236.17999267578125,234.00999450683594,235.0,233.91136169433594,46431500,0.0,0.0
2024-10-21 00:00:00-04:00,234.4499969482422,236.85000610351562,234.4499969482422,236.47999572753906,235.38450622558594,36254500,0.0,0.0
2024-10-22 00:00:00-04:00,233.88999938964844,236.22000122070312,232.60000610351562,235.86000061035156,234.7673797607422,38846600,0.0,0.0
2024-10-23 00:00:00-04:00,234.0800018310547,235.13999938964844,227.75999450683594,230.75999450683594,229.69100952148438,52287000,0.0,0.0
2024-10-24 00:00:00-04:00,229.97999572753906,230.82000732421875,228.41000366210938,230.57000732421875,229.5018768310547,31109500,0.0,0.0
2024-10-25 00:00:00-04:00,229.74000549316406,233.22000122070312,229.57000732421875,231.41000366210938,230.3380126953125,38802300,0.0,0.0
2024-10-28 00:00:00-04:00,233.32000732421875,234.72999572753906,232.5500030517578,233.39999389648438,232.3187713623047,36087100,0.0,0.0
2024-10-29 00:00:00-04:00,233.10000610351562,234.3300018310547,232.32000732421875,233.6699981689453,232.5875244140625,35417200,0.0,0.0
2024-10-30 00:00:00-04:00,232.61000061035156,233.47000122070312,229.5500030517578,230.10000610351562,229.03407287597656,47070900,0.0,0.0
2024-10-31 00:00:00-04:00,229.33999633789062,229.8300018310547,225.3699951171875,225.91000366210938,224.8634796142578,64370100,0.0,0.0
2024-11-01 00:00:00-04:00,220.97000122070312,225.35000610351562,220.27000427246094,222.91000366210938,221.87738037109375,65276700,0.0,0.0
2024-11-04 00:00:00-05:00,220.99000549316406,222.7899932861328,219.7100067138672,222.00999450683594,220.98153686523438,44944500,0.0,0.0
2024-11-05 00:00:00-05:00,221.8000030517578,223.9499969482422,221.13999938964844,223.4499969482422,222.41488647460938,28111300,0.0,0.0
2024-11-06 00:00:00-05:00,222.61000061035156,226.07000732421875,221.19000244140625,222.72000122070312,221.68824768066406,54561100,0.0,0.0
2024-11-07 00:00:00-05:00,224.6300048828125,227.8800048828125,224.57000732421875,227.47999572753906,226.42620849609375,42137700,0.0,0.0
2024-11-08 00:00:00-05:00,227.1699981689453,228.66000366210938,226.41000366210938,226.9600067138672,226.15716552734375,38328800,0.25,0.0
2024-11-11 00:00:00-05:00,225.0,225.6999969482422,221.5,224.22999572753906,223.4368133544922,42005600,0.0,0.0
2024-11-12 00:00:00-05:00,224.5500030517578,225.58999633789062,223.36000061035156,224.22999572753906,223.4368133544922,40398300,0.0,0.0
2024-11-13 00:00:00-05:00,224.00999450683594,226.64999389648438,222.75999450683594,225.1199951171875,224.3236541748047,48566200,0.0,0.0
2024-11-14 00:00:00-05:00,225.02000427246094,228.8699951171875,225.0,228.22000122070312,227.41270446777344,44923900,0.0,0.0
2024-11-15 00:00:00-05:00,226.39999389648438,226.9199981689453,224.27000427246094,225.0,224.2041015625,47923700,0.0,0.0
2024-11-18 00:00:00-05:00,225.25,229.74000549316406,225.1699981689453,228.02000427246094,227.2134246826172,44633700,0.0,0.0
2024-11-19 00:00:00-05:00,226.97999572753906,230.16000366210938,226.66000366210938,228.27999877929688,227.4724884033203,36211800,0.0,0.0
2024-11-20 00:00:00-05:00,228.05999755859375,229.92999267578125,225.88999938964844,229.0,228.18994140625,35169600,0.0,0.0
2024-11-21 00:00:00-05:00,228.8800048828125,230.16000366210938,225.7100067138672,228.52000427246094,227.71165466308594,42108300,0.0,0.0
2024-11-22 00:00:00-05:00,228.05999755859375,230.72000122070312,228.05999755859375,229.8699951171875,229.05686950683594,38168300,0.0,0.0
2024-11-25 00:00:00-05:00,231.4600067138672,233.25,229.74000549316406,232.8699951171875,232.04624938964844,90152800,0.0,0.0
2024-11-26 00:00:00-05:00,233.3300018310547,235.57000732421875,233.3300018310547,235.05999755859375,234.22850036621094,45986200,0.0,0.0
2024-11-27 00:00:00-05:00,234.47000122070312,235.69000244140625,233.80999755859375,234.92999267578125,234.0989532470703,33498400,0.0,0.0
2024-11-29 00:00:00-05:00,234.80999755859375,237.80999755859375,233.97000122070312,237.3300018310547,236.490478515625,28481400,0.0,0.0
2024-12-02 00:00:00-05:00,237.27000427246094,240.7899932861328,237.16000366210938,239.58999633789062,238.7424774169922,48137100,0.0,0.0
2024-12-03 00:00:00-05:00,239.80999755859375,242.75999450683594,238.89999389648438,242.64999389648438,241.79165649414062,38861000,0.0,0.0
2024-12-04 00:00:00-05:00,242.8699951171875,244.11000061035156,241.25,243.00999450683594,242.15037536621094,44383900,0.0,0.0
2024-12-05 00:00:00-05:00,243.99000549316406,244.5399932861328,242.1300048828125,243.0399932861328,242.18028259277344,40033900,0.0,0.0
2024-12-06 00:00:00-05:00,242.91000366210938,244.6300048828125,242.0800018310547,242.83999633789062,241.98098754882812,36870600,0.0,0.0
2024-12-09 00:00:00-05:00,241.8300018310547,247.24000549316406,241.75,246.75,245.8771514892578,44649200,0.0,0.0
2024-12-10 00:00:00-05:00,246.88999938964844,248.2100067138672,245.33999633789062,247.77000427246094,246.8935546875,36914800,0.0,0.0
2024-12-11 00:00:00-05:00,247.9600067138672,250.8000030517578,246.25999450683594,246.49000549316406,245.6180877685547,45205800,0.0,0.0
2024-12-12 00:00:00-05:00,246.88999938964844,248.74000549316406,245.67999267578125,247.9600067138672,247.0828857421875,32777500,0.0,0.0
2024-12-13 00:00:00-05:00,247.82000732421875,249.2899932861328,246.24000549316406,248.1300048828125,247.25228881835938,33155300,0.0,0.0
2024-12-16 00:00:00-05:00,247.99000549316406,251.3800048828125,247.64999389648438,251.0399932861328,250.15196228027344,51694800,0.0,0.0
2024-12-17 00:00:00-05:00,250.0800018310547,253.8300018310547,249.77999877929688,253.47999572753906,252.58334350585938,51356400,0.0,0.0
2024-12-18 00:00:00-05:00,252.16000366210938,254.27999877929688,247.74000549316406,248.0500030517578,247.1725616455078,56774100,0.0,0.0
2024-12-19 00:00:00-05:00,247.5,252.0,247.08999633789062,249.7899932861328,248.90638732910156,60882300,0.0,0.0
2024-12-20 00:00:00-05:00,248.0399932861328,255.0,245.69000244140625,254.49000549316406,253.5897674560547,147495300,0.0,0.0
2024-12-23 00:00:00-05:00,254.77000427246094,255.64999389648438,253.4499969482422,255.27000427246094,254.3670196533203,40858800,0.0,0.0
2024-12-24 00:00:00-05:00,255.49000549316406,258.2099914550781,255.2899932861328,258.20001220703125,257.2866516113281,23234700,0.0,0.0
2024-12-26 00:00:00-05:00,258.19000244140625,260.1000061035156,257.6300048828125,259.0199890136719,258.1037292480469,27237100,0.0,0.0
2024-12-27 00:00:00-05:00,257.8299865722656,258.70001220703125,253.05999755859375,255.58999633789062,254.6858673095703,42355300,0.0,0.0
2024-12-30 00:00:00-05:00,252.22999572753906,253.5,250.75,252.1999969482422,251.307861328125,35557500,0.0,0.0
2024-12-31 00:00:00-05:00,252.44000244140625,253.27999877929688,249.42999267578125,250.4199981689453,249.5341796875,39480700,0.0,0.0
2025-01-02 00:00:00-05:00,248.92999267578125,249.10000610351562,241.82000732421875,243.85000610351562,242.98741149902344,55740700,0.0,0.0
2025-01-03 00:00:00-05:00,243.36000061035156,244.17999267578125,241.88999938964844,243.36000061035156,242.4991455078125,40244100,0.0,0.0
2025-01-06 00:00:00-05:00,244.30999755859375,247.3300018310547,243.1999969482422,245.0,244.1333465576172,45045600,0.0,0.0
2025-01-07 00:00:00-05:00,242.97999572753906,245.5500030517578,241.35000610351562,242.2100067138672,241.35321044921875,40856000,0.0,0.0
2025-01-08 00:00:00-05:00,241.9199981689453,243.7100067138672,240.0500030517578,242.6999969482422,241.8414764404297,37628900,0.0,0.0
2025-01-10 00:00:00-05:00,240.00999450683594,240.16000366210938,233.0,236.85000610351562,236.01219177246094,61710900,0.0,0.0
2025-01-13 00:00:00-05:00,233.52999877929688,234.6699981689453,229.72000122070312,234.39999389648438,233.5708465576172,49630700,0.0,0.0
2025-01-14 00:00:00-05:00,234.75,236.1199951171875,232.47000122070312,233.27999877929688,232.45480346679688,39435300,0.0,0.0
2025-01-15 00:00:00-05:00,234.63999938964844,238.9600067138672,234.42999267578125,237.8699951171875,237.028564453125,39832000,0.0,0.0
2025-01-16 00:00:00-05:00,237.35000610351562,238.00999450683594,228.02999877929688,228.25999450683594,227.4525604248047,71759100,0.0,0.0
2025-01-17 00:00:00-05:00,232.1199951171875,232.2899932861328,228.47999572753906,229.97999572753906,229.16647338867188,68488300,0.0,0.0
2025-01-21 00:00:00-05:00,224.0,224.4199981689453,219.3800048828125,222.63999938964844,221.85243225097656,98070400,0.0,0.0
2025-01-22 00:00:00-05:00,219.7899932861328,224.1199951171875,219.7899932861328,223.8300018310547,223.03823852539062,64126500,0.0,0.0
2025-01-23 00:00:00-05:00,224.74000549316406,227.02999877929688,222.3000030517578,223.66000366210938,222.8688507080078,60234800,0.0,0.0
2025-01-24 00:00:00-05:00,224.77999877929688,225.6300048828125,221.41000366210938,222.77999877929688,221.991943359375,54697900,0.0,0.0
2025-01-27 00:00:00-05:00,224.02000427246094,232.14999389648438,223.97999572753906,229.86000061035156,229.04690551757812,94863400,0.0,0.0
2025-01-28 00:00:00-05:00,230.85000610351562,240.19000244140625,230.80999755859375,238.25999450683594,237.41717529296875,75707600,0.0,0.0
2025-01-29 00:00:00-05:00,234.1199951171875,239.86000061035156,234.00999450683594,239.36000061035156,238.51329040527344,45486100,0.0,0.0
2025-01-30 00:00:00-05:00,238.6699981689453,240.7899932861328,237.2100067138672,237.58999633789062,236.7495574951172,55658300,0.0,0.0
2025-01-31 00:00:00-05:00,247.19000244140625,247.19000244140625,233.44000244140625,236.0,235.16519165039062,100959800,0.0,0.0
2025-02-03 00:00:00-05:00,229.99000549316406,231.8300018310547,225.6999969482422,228.00999450683594,227.20343017578125,73063300,0.0,0.0
2025-02-04 00:00:00-05:00,227.25,233.1300048828125,226.64999389648438,232.8000030517578,231.9765167236328,45067300,0.0,0.0
2025-02-05 00:00:00-05:00,228.52999877929688,232.6699981689453,228.27000427246094,232.47000122070312,231.64767456054688,39620300,0.0,0.0
2025-02-06 00:00:00-05:00,231.2899932861328,233.8000030517578,230.42999267578125,233.22000122070312,232.39501953125,29925300,0.0,0.0
2025-02-07 00:00:00-05:00,232.60000610351562,234.0,227.25999450683594,227.6300048828125,226.82481384277344,39707200,0.0,0.0
2025-02-10 00:00:00-05:00,229.57000732421875,230.58999633789062,227.1999969482422,227.64999389648438,227.0941162109375,33115600,0.25,0.0
2025-02-11 00:00:00-05:00,228.1999969482422,235.22999572753906,228.1300048828125,232.6199951171875,232.05198669433594,53718400,0.0,0.0
2025-02-12 00:00:00-05:00,231.1999969482422,236.9600067138672,230.67999267578125,236.8699951171875,236.29161071777344,45243300,0.0,0.0
2025-02-13 00:00:00-05:00,236.91000366210938,242.33999633789062,235.57000732421875,241.52999877929688,240.9402313232422,53614100,0.0,0.0
2025-02-14 00:00:00-05:00,241.25,245.5500030517578,240.99000549316406,244.60000610351562,244.00274658203125,40896200,0.0,0.0
2025-02-18 00:00:00-05:00,244.14999389648438,245.17999267578125,241.83999633789062,244.47000122070312,243.87306213378906,48822500,0.0,0.0
2025-02-19 00:00:00-05:00,244.66000366210938,246.00999450683594,243.16000366210938,244.8699951171875,244.27207946777344,32204200,0.0,0.0
2025-02-20 00:00:00-05:00,244.94000244140625,246.77999877929688,244.2899932861328,245.8300018310547,245.22975158691406,32316900,0.0,0.0
2025-02-21 00:00:00-05:00,245.9499969482422,248.69000244140625,245.22000122070312,245.5500030517578,244.95042419433594,53197400,0.0,0.0
2025-02-24 00:00:00-05:00,244.92999267578125,248.86000061035156,244.4199981689453,247.10000610351562,246.49664306640625,51326400,0.0,0.0
2025-02-25 00:00:00-05:00,248.0,250.0,244.91000366210938,247.0399932861328,246.43678283691406,48013300,0.0,0.0
2025-02-26 00:00:00-05:00,244.3300018310547,244.97999572753906,239.1300048828125,240.36000061035156,239.77310180664062,44433600,0.0,0.0
2025-02-27 00:00:00-05:00,239.41000366210938,242.4600067138672,237.05999755859375,237.3000030517578,236.72056579589844,41153600,0.0,0.0
2025-02-28 00:00:00-05:00,236.9499969482422,242.08999633789062,230.1999969482422,241.83999633789062,241.24948120117188,56833400,0.0,0.0
2025-03-03 00:00:00-05:00,241.7899932861328,244.02999877929688,236.11000061035156,238.02999877929688,237.4487762451172,47184000,0.0,0.0
2025-03-04 00:00:00-05:00,237.7100067138672,240.07000732421875,234.67999267578125,235.92999267578125,235.35391235351562,53798100,0.0,0.0
2025-03-05 00:00:00-05:00,235.4199981689453,236.5500030517578,229.22999572753906,235.74000549316406,235.1643829345703,47227600,0.0,0.0
2025-03-06 00:00:00-05:00,234.44000244140625,237.86000061035156,233.16000366210938,235.3300018310547,234.75538635253906,45170400,0.0,0.0
2025-03-07 00:00:00-05:00,235.11000061035156,241.3699951171875,234.75999450683594,239.07000732421875,238.4862518310547,46273600,0.0,0.0
2025-03-10 00:00:00-04:00,235.5399932861328,236.16000366210938,224.22000122070312,227.47999572753906,226.92454528808594,72071200,0.0,0.0
2025-03-11 00:00:00-04:00,223.80999755859375,225.83999633789062,217.4499969482422,220.83999633789062,220.30075073242188,76137400,0.0,0.0
2025-03-12 00:00:00-04:00,220.13999938964844,221.75,214.91000366210938,216.97999572753906,216.45018005371094,62547500,0.0,0.0
2025-03-13 00:00:00-04:00,215.9499969482422,216.83999633789062,208.4199981689453,209.67999267578125,209.16799926757812,61368300,0.0,0.0
2025-03-14 00:00:00-04:00,211.25,213.9499969482422,209.5800018310547,213.49000549316406,212.9687042236328,60107600,0.0,0.0
2025-03-17 00:00:00-04:00,213.30999755859375,215.22000122070312,209.97000122070312,214.0,213.4774627685547,48073400,0.0,0.0
2025-03-18 00:00:00-04:00,214.16000366210938,215.14999389648438,211.49000549316406,212.69000244140625,212.17066955566406,42432400,0.0,0.0
2025-03-19 00:00:00-04:00,214.22000122070312,218.75999450683594,213.75,215.24000549316406,214.7144317626953,54385400,0.0,0.0
2025-03-20 00:00:00-04:00,213.99000549316406,217.49000549316406,212.22000122070312,214.10000610351562,213.5772247314453,48862900,0.0,0.0
2025-03-21 00:00:00-04:00,211.55999755859375,218.83999633789062,211.27999877929688,218.27000427246094,217.73704528808594,94127800,0.0,0.0
2025-03-24 00:00:00-04:00,221.0,221.47999572753906,218.5800018310547,220.72999572753906,220.19102478027344,44299500,0.0,0.0
2025-03-25 00:00:00-04:00,220.77000427246094,224.10000610351562,220.0800018310547,223.75,223.2036590576172,34493600,0.0,0.0
2025-03-26 00:00:00-04:00,223.50999450683594,225.02000427246094,220.47000122070312,221.52999877929688,220.98907470703125,34466100,0.0,0.0
2025-03-27 00:00:00-04:00,221.38999938964844,224.99000549316406,220.55999755859375,223.85000610351562,223.3034210205078,37094800,0.0,0.0
2025-03-28 00:00:00-04:00,221.6699981689453,223.80999755859375,217.67999267578125,217.89999389648438,217.36793518066406,39818600,0.0,0.0
2025-03-31 00:00:00-04:00,217.00999450683594,225.6199951171875,216.22999572753906,222.1300048828125,221.58761596679688,65299300,0.0,0.0
2025-04-01 00:00:00-04:00,219.80999755859375,223.67999267578125,218.89999389648438,223.19000244140625,222.64503479003906,36412700,0.0,0.0
2025-04-02 00:00:00-04:00,221.32000732421875,225.19000244140625,221.02000427246094,223.88999938964844,223.34332275390625,35905900,0.0,0.0
2025-04-03 00:00:00-04:00,205.5399932861328,207.49000549316406,201.25,203.19000244140625,202.69384765625,103419000,0.0,0.0
2025-04-04 00:00:00-04:00,193.88999938964844,199.8800048828125,187.33999633789062,188.3800048828125,187.92002868652344,125910900,0.0,0.0
2025-04-07 00:00:00-04:00,177.1999969482422,194.14999389648438,174.6199951171875,181.4600067138672,181.0169219970703,160466300,0.0,0.0
2025-04-08 00:00:00-04:00,186.6999969482422,190.33999633789062,169.2100067138672,172.4199981689453,171.9989776611328,120859500,0.0,0.0
2025-04-09 00:00:00-04:00,171.9499969482422,200.61000061035156,171.88999938964844,198.85000610351562,198.3644561767578,184395900,0.0,0.0
2025-04-10 00:00:00-04:00,189.07000732421875,194.77999877929688,183.0,190.4199981689453,189.9550323486328,121880000,0.0,0.0
2025-04-11 00:00:00-04:00,186.10000610351562,199.5399932861328,186.05999755859375,198.14999389648438,197.66615295410156,87435900,0.0,0.0
2025-04-14 00:00:00-04:00,211.44000244140625,212.94000244140625,201.16000366210938,202.52000427246094,202.02549743652344,101352900,0.0,0.0
2025-04-15 00:00:00-04:00,201.86000061035156,203.50999450683594,199.8000030517578,202.13999938964844,201.6464080810547,51343900,0.0,0.0
2025-04-16 00:00:00-04:00,198.36000061035156,200.6999969482422,192.3699951171875,194.27000427246094,193.79563903808594,59732400,0.0,0.0
2025-04-17 00:00:00-04:00,197.1999969482422,198.8300018310547,194.4199981689453,196.97999572753906,196.4990234375,52164700,0.0,0.0
2025-04-21 00:00:00-04:00,193.27000427246094,193.8000030517578,189.80999755859375,193.16000366210938,192.6883544921875,46742500,0.0,0.0
2025-04-22 00:00:00-04:00,196.1199951171875,201.58999633789062,195.97000122070312,199.74000549316406,199.25228881835938,52976400,0.0,0.0
2025-04-23 00:00:00-04:00,206.0,208.0,202.8000030517578,204.60000610351562,204.1004180908203,52929200,0.0,0.0
2025-04-24 00:00:00-04:00,204.88999938964844,208.8300018310547,202.94000244140625,208.3699951171875,207.8612060546875,47311000,0.0,0.0
2025-04-25 00:00:00-04:00,206.3699951171875,209.75,206.1999969482422,209.27999877929688,208.76898193359375,38222300,0.0,0.0
2025-04-28 00:00:00-04:00,210.0,211.5,207.4600067138672,210.13999938964844,209.62689208984375,38743100,0.0,0.0
2025-04-29 00:00:00-04:00,208.69000244140625,212.24000549316406,208.3699951171875,211.2100067138672,210.6942901611328,36827600,0.0,0.0
2025-04-30 00:00:00-04:00,209.3000030517578,213.5800018310547,206.6699981689453,212.5,211.9811248779297,52286500,0.0,0.0
2025-05-01 00:00:00-04:00,209.0800018310547,214.55999755859375,208.89999389648438,213.32000732421875,212.79913330078125,57365700,0.0,0.0
2025-05-02 00:00:00-04:00,206.08999633789062,206.99000549316406,202.16000366210938,205.35000610351562,204.8485870361328,101010600,0.0,0.0
2025-05-05 00:00:00-04:00,203.10000610351562,204.10000610351562,198.2100067138672,198.88999938964844,198.40435791015625,69018500,0.0,0.0
2025-05-06 00:00:00-04:00,198.2100067138672,200.64999389648438,197.02000427246094,198.50999450683594,198.02528381347656,51216500,0.0,0.0
2025-05-07 00:00:00-04:00,199.1699981689453,199.44000244140625,193.25,196.25,195.7707977294922,68536700,0.0,0.0
2025-05-08 00:00:00-04:00,197.72000122070312,200.0500030517578,194.67999267578125,197.49000549316406,197.00778198242188,50478900,0.0,0.0
2025-05-09 00:00:00-04:00,199.0,200.5399932861328,197.5399932861328,198.52999877929688,198.0452423095703,36453900,0.0,0.0
2025-05-12 00:00:00-04:00,210.97000122070312,211.27000427246094,206.75,210.7899932861328,210.55104064941406,63775800,0.26,0.0
2025-05-13 00:00:00-04:00,210.42999267578125,213.39999389648438,209.0,212.92999267578125,212.68861389160156,51909300,0.0,0.0
2025-05-14 00:00:00-04:00,212.42999267578125,213.94000244140625,210.5800018310547,212.3300018310547,212.08929443359375,49325800,0.0,0.0
2025-05-15 00:00:00-04:00,210.9499969482422,212.9600067138672,209.5399932861328,211.4499969482422,211.21029663085938,45029500,0.0,0.0
2025-05-16 00:00:00-04:00,212.36000061035156,212.57000732421875,209.77000427246094,211.25999450683594,211.0205078125,54737900,0.0,0.0
2025-05-19 00:00:00-04:00,207.91000366210938,209.47999572753906,204.25999450683594,208.77999877929688,208.54331970214844,46140500,0.0,0.0
2025-05-20 00:00:00-04:00,207.6699981689453,208.47000122070312,205.02999877929688,206.86000061035156,206.62550354003906,42496600,0.0,0.0
2025-05-21 00:00:00-04:00,205.1699981689453,207.0399932861328,200.7100067138672,202.08999633789062,201.86090087890625,59211800,0.0,0.0
2025-05-22 00:00:00-04:00,200.7100067138672,202.75,199.6999969482422,201.36000061035156,201.13172912597656,46742400,0.0,0.0
2025-05-23 00:00:00-04:00,193.6699981689453,197.6999969482422,193.4600067138672,195.27000427246094,195.04864501953125,78432900,0.0,0.0
2025-05-27 00:00:00-04:00,198.3000030517578,200.74000549316406,197.42999267578125,200.2100067138672,199.98304748535156,56288500,0.0,0.0
2025-05-28 00:00:00-04:00,200.58999633789062,202.72999572753906,199.89999389648438,200.4199981689453,200.1927947998047,45339700,0.0,0.0
2025-05-29 00:00:00-04:00,203.5800018310547,203.80999755859375,198.50999450683594,199.9499969482422,199.72332763671875,51396800,0.0,0.0
2025-05-30 00:00:00-04:00,199.3699951171875,201.9600067138672,196.77999877929688,200.85000610351562,200.622314453125,70819900,0.0,0.0
2025-06-02 00:00:00-04:00,200.27999877929688,202.1300048828125,200.1199951171875,201.6999969482422,201.47134399414062,35423300,0.0,0.0
2025-06-03 00:00:00-04:00,201.35000610351562,203.77000427246094,200.9600067138672,203.27000427246094,203.03956604003906,46381600,0.0,0.0
2025-06-04 00:00:00-04:00,202.91000366210938,206.24000549316406,202.10000610351562,202.82000732421875,202.590087890625,43604000,0.0,0.0
2025-06-05 00:00:00-04:00,203.5,204.75,200.14999389648438,200.6300048828125,200.40257263183594,55126100,0.0,0.0
2025-06-06 00:00:00-04:00,203.0,205.6999969482422,202.0500030517578,203.9199981689453,203.68882751464844,46607700,0.0,0.0
2025-06-09 00:00:00-04:00,204.38999938964844,206.0,200.02000427246094,201.4499969482422,201.2216339111328,72862600,0.0,0.0
2025-06-10 00:00:00-04:00,200.60000610351562,204.35000610351562,200.57000732421875,202.6699981689453,202.44024658203125,54672600,0.0,0.0
2025-06-11 00:00:00-04:00,203.5,204.5,198.41000366210938,198.77999877929688,198.55465698242188,60989900,0.0,0.0
2025-06-12 00:00:00-04:00,199.0800018310547,199.67999267578125,197.36000061035156,199.1999969482422,198.97418212890625,43904600,0.0,0.0
2025-06-13 00:00:00-04:00,199.72999572753906,200.3699951171875,195.6999969482422,196.4499969482422,196.227294921875,51447300,0.0,0.0
2025-06-16 00:00:00-04:00,197.3000030517578,198.69000244140625,196.55999755859375,198.4199981689453,198.195068359375,43020700,0.0,0.0
2025-06-17 00:00:00-04:00,197.1999969482422,198.38999938964844,195.2100067138672,195.63999938964844,195.418212890625,38856200,0.0,0.0
2025-06-18 00:00:00-04:00,195.94000244140625,197.57000732421875,195.07000732421875,196.5800018310547,196.35714721679688,45394700,0.0,0.0
2025-06-20 00:00:00-04:00,198.24000549316406,201.6999969482422,196.86000061035156,201.0,200.7721405029297,96813500,0.0,0.0
2025-06-23 00:00:00-04:00,201.6300048828125,202.3000030517578,198.9600067138672,201.5,201.27157592773438,55814300,0.0,0.0
2025-06-24 00:00:00-04:00,202.58999633789062,203.44000244140625,200.1999969482422,200.3000030517578,200.07293701171875,54064000,0.0,0.0
2025-06-25 00:00:00-04:00,201.4499969482422,203.6699981689453,200.6199951171875,201.55999755859375,201.33151245117188,39525700,0.0,0.0
2025-06-26 00:00:00-04:00,201.42999267578125,202.63999938964844,199.4600067138672,201.0,200.7721405029297,50799100,0.0,0.0
2025-06-27 00:00:00-04:00,201.88999938964844,203.22000122070312,200.0,201.0800018310547,200.85205078125,73188600,0.0,0.0
2025-06-30 00:00:00-04:00,202.00999450683594,207.38999938964844,199.25999450683594,205.1699981689453,204.93740844726562,91912800,0.0,0.0
2025-07-01 00:00:00-04:00,206.6699981689453,210.19000244140625,206.13999938964844,207.82000732421875,207.58441162109375,78788900,0.0,0.0
2025-07-02 00:00:00-04:00,208.91000366210938,213.33999633789062,208.13999938964844,212.44000244140625,212.1991729736328,67941800,0.0,0.0
2025-07-03 00:00:00-04:00,212.14999389648438,214.64999389648438,211.80999755859375,213.5500030517578,213.30792236328125,34955800,0.0,0.0
2025-07-07 00:00:00-04:00,212.67999267578125,216.22999572753906,208.8000030517578,209.9499969482422,209.7119903564453,50229000,0.0,0.0
2025-07-08 00:00:00-04:00,210.10000610351562,211.42999267578125,208.4499969482422,210.00999450683594,209.7719268798828,42848900,0.0,0.0
2025-07-09 00:00:00-04:00,209.52999877929688,211.3300018310547,207.22000122070312,211.13999938964844,210.90065002441406,48749400,0.0,0.0
2025-07-10 00:00:00-04:00,210.50999450683594,213.47999572753906,210.02999877929688,212.41000366210938,212.16920471191406,44443600,0.0,0.0
2025-07-11 00:00:00-04:00,210.57000732421875,212.1300048828125,209.86000061035156,211.16000366210938,210.92062377929688,39765800,0.0,0.0
2025-07-14 00:00:00-04:00,209.92999267578125,210.91000366210938,207.5399932861328,208.6199951171875,208.3834991455078,38840100,0.0,0.0
2025-07-15 00:00:00-04:00,209.22000122070312,211.88999938964844,208.9199981689453,209.11000061035156,208.87295532226562,42296300,0.0,0.0
2025-07-16 00:00:00-04:00,210.3000030517578,212.39999389648438,208.63999938964844,210.16000366210938,209.92176818847656,47490500,0.0,0.0
2025-07-17 00:00:00-04:00,210.57000732421875,211.8000030517578,209.58999633789062,210.02000427246094,209.78192138671875,48068100,0.0,0.0
2025-07-18 00:00:00-04:00,210.8699951171875,211.7899932861328,209.6999969482422,211.17999267578125,210.9405975341797,48974600,0.0,0.0
2025-07-21 00:00:00-04:00,212.10000610351562,215.77999877929688,211.6300048828125,212.47999572753906,212.23912048339844,51377400,0.0,0.0
2025-07-22 00:00:00-04:00,213.13999938964844,214.9499969482422,212.22999572753906,214.39999389648438,214.15695190429688,46404100,0.0,0.0
2025-07-23 00:00:00-04:00,215.0,215.14999389648438,212.41000366210938,214.14999389648438,213.9072265625,46989300,0.0,0.0
2025-07-24 00:00:00-04:00,213.89999389648438,215.69000244140625,213.52999877929688,213.75999450683594,213.51766967773438,46022600,0.0,0.0
2025-07-25 00:00:00-04:00,214.6999969482422,215.24000549316406,213.39999389648438,213.8800048828125,213.63754272460938,40268800,0.0,0.0
2025-07-28 00:00:00-04:00,214.02999877929688,214.85000610351562,213.05999755859375,214.0500030517578,213.80735778808594,37858000,0.0,0.0
2025-07-29 00:00:00-04:00,214.17999267578125,214.80999755859375,210.82000732421875,211.27000427246094,211.03050231933594,51411700,0.0,0.0
2025-07-30 00:00:00-04:00,211.89999389648438,212.38999938964844,207.72000122070312,209.0500030517578,208.81301879882812,45512500,0.0,0.0
2025-07-31 00:00:00-04:00,208.49000549316406,209.83999633789062,207.16000366210938,207.57000732421875,207.33470153808594,80698400,0.0,0.0
2025-08-01 00:00:00-04:00,210.8699951171875,213.5800018310547,201.5,202.3800048828125,202.1505889892578,104434500,0.0,0.0
2025-08-04 00:00:00-04:00,204.50999450683594,207.8800048828125,201.67999267578125,203.35000610351562,203.11949157714844,75109300,0.0,0.0
2025-08-05 00:00:00-04:00,203.39999389648438,205.33999633789062,202.16000366210938,202.9199981689453,202.68995666503906,44155100,0.0,0.0
2025-08-06 00:00:00-04:00,205.6300048828125,215.3800048828125,205.58999633789062,213.25,213.0082550048828,108483100,0.0,0.0
2025-08-07 00:00:00-04:00,218.8800048828125,220.85000610351562,216.5800018310547,220.02999877929688,219.7805633544922,90224800,0.0,0.0
2025-08-08 00:00:00-04:00,220.8300018310547,231.0,219.25,229.35000610351562,229.0900115966797,113854000,0.0,0.0
2025-08-11 00:00:00-04:00,227.9199981689453,229.55999755859375,224.75999450683594,227.17999267578125,227.17999267578125,61806100,0.26,0.0
2025-08-12 00:00:00-04:00,228.00999450683594,230.8000030517578,227.07000732421875,229.64999389648438,229.64999389648438,55626200,0.0,0.0
2025-08-13 00:00:00-04:00,231.07000732421875,235.0,230.42999267578125,233.3300018310547,233.3300018310547,69878500,0.0,0.0
2025-08-14 00:00:00-04:00,234.05999755859375,235.1199951171875,230.85000610351562,232.77999877929688,232.77999877929688,51916300,0.0,0.0
2025-08-15 00:00:00-04:00,234.0,234.27999877929688,229.33999633789062,231.58999633789062,231.58999633789062,56038700,0.0,0.0
2025-08-18 00:00:00-04:00,231.6999969482422,233.1199951171875,230.11000061035156,230.88999938964844,230.88999938964844,37476200,0.0,0.0
2025-08-19 00:00:00-04:00,231.27999877929688,232.8699951171875,229.35000610351562,230.55999755859375,230.55999755859375,39402600,0.0,0.0
2025-08-20 00:00:00-04:00,229.97999572753906,230.47000122070312,225.77000427246094,226.00999450683594,226.00999450683594,42263900,0.0,0.0
2025-08-21 00:00:00-04:00,226.27000427246094,226.52000427246094,223.77999877929688,224.89999389648438,224.89999389648438,30621200,0.0,0.0
2025-08-22 00:00:00-04:00,226.1699981689453,229.08999633789062,225.41000366210938,227.75999450683594,227.75999450683594,42477800,0.0,0.0
2025-08-25 00:00:00-04:00,226.47999572753906,229.3000030517578,226.22999572753906,227.16000366210938,227.16000366210938,30965700,0.0,0.0
2025-08-26 00:00:00-04:00,226.8699951171875,227.0500030517578,224.69000244140625,225.3000030517578,225.3000030517578,4770533,0.0,0.0
